ParticipantId,DOB,DateofTest,IsBilingual,IsFemale
1,19/01/2018,24/07/2019,0,0
2,2/01/2018,15/06/2019,1,1
3,3/11/2017,17/06/2019,0,1
4,9/12/2017,18/06/2019,1,0
5,7/02/2018,22/07/2019,0,1
6,1/01/2018,19/06/2019,1,0
7,6/12/2017,27/06/2019,0,0
8,25/12/2017,3/07/2019,1,1
13,6/02/2018,8/07/2019,0,1
15,31/03/2018,22/07/2019,0,1
17,7/02/2018,14/07/2019,0,0
18,12/01/2018,26/08/2019,1,0
19,4/03/2018,15/07/2019,0,1
20,14/12/2017,19/07/2019,0,0
23,6/02/2018,14/07/2019,0,1
24,29/03/2018,31/07/2019,0,1
26,17/12/2017,12/08/2019,0,1
27,21/01/2018,25/07/2019,0,1
29,28/01/2018,31/07/2019,0,0
30,30/04/2018,24/07/2019,0,1
31,1/03/2018,25/07/2019,0,1
33,14/12/2017,5/08/2019,0,0
39,7/12/2017,2/08/2019,0,0
40,19/04/2018,15/08/2019,0,1
43,3/02/2018,9/06/2019,0,1
44,24/05/2018,30/08/2019,0,0
46,16/04/2018,29/08/2019,0,0
47,10/05/2018,22/08/2019,0,1
48,16/02/2018,7/09/2019,0,1
49,1/03/2018,13/09/2019,0,0
